Date,WP0,WP1,WP10,WP11,WP12,WP13,WP14,WP15,WP16,WP17,WP18,WP19,WP2,WP20,WP21,WP22,WP23,WP24,WP25,WP26,WP27,WP28,WP29,WP3,WP30,WP31,WP32,WP33,WP34,WP35,WP36,WP37,WP38,WP39,WP4,WP40,WP41,WP42,WP43,WP44,WP45,WP46,WP47,WP48,WP49,WP5,WP6,WP7,WP8,WP9
2012-01-01,8.945507797,0.0,0.0,0,0.0,0.0,0.0,0.0,0.0,0.0,372.7464441,0.0,0.0,0.0,0.0,0.0,0.0,0.0,0.0,0.0,0.0,0.0,0.0,0.0,0.0,0.0,0.0,0.0,0.0,0.0,0.0,0.0,0.0,0.0,0.0,0.0,0.0,0.0,0.0,0.0,0.0,0.0,0.0,0.0,0.0,0.0,0.0,0.0,0.0,0.0
2012-02-01,17.800386758000002,0.0,0.0,0,0.0,0.0,0.0,0.0,0.0,0.0,708.4952278000001,0.0,0.0,0.0,0.0,0.0,0.0,0.0,0.0,0.0,0.0,0.0,0.0,0.0,0.0,0.0,0.0,0.0,0.0,0.0,0.0,0.0,0.0,0.0,0.0,0.0,0.0,0.0,0.0,0.0,0.0,0.0,0.0,0.0,0.0,0.0,0.0,0.0,0.0,0.0
2012-03-01,26.646225731,0.0,0.0,0,0.0,0.0,0.0,0.0,0.0,0.0,1040.199032,0.0,0.0,0.0,0.0,0.0,0.0,0.0,0.0,0.0,0.0,0.0,0.0,0.0,0.0,0.0,0.0,0.0,0.0,0.0,0.0,0.0,0.0,0.0,0.0,0.0,0.0,0.0,0.0,0.0,0.0,0.0,0.0,0.0,0.0,0.0,0.0,0.0,0.0,0.0
2012-04-01,35.485803638,0.0,0.0,0,0.0,0.0,0.0,3483.552017,0.0,0.0,1368.8783085,0.0,0.0,0.0,0.0,0.0,0.0,0.0,0.0,0.0,0.0,0.0,0.0,0.0,0.0,0.0,0.0,0.0,0.0,0.0,0.0,0.0,0.0,0.0,0.0,0.0,0.0,0.0,0.0,0.0,0.0,0.0,0.0,0.0,0.0,0.0,0.0,0.0,0.0,0.0
2012-05-01,44.320462765,0.0,0.0,0,0.0,0.0,0.0,6858.0775140000005,0.0,0.0,1694.9965612,0.0,0.0,0.0,0.0,0.0,0.0,0.0,0.0,0.0,0.0,0.0,0.0,0.0,0.0,0.0,0.0,0.0,0.0,0.0,0.0,0.0,0.0,0.0,0.0,0.0,0.0,0.0,0.0,0.0,0.0,0.0,0.0,0.0,0.0,0.0,0.0,0.0,0.0,7.598605566
2012-06-01,53.151320845,0.0,0.0,0,0.0,0.0,0.0,10161.429711,0.0,0.0,2018.9962476,0.0,0.0,0.0,0.0,0.0,0.0,0.0,0.0,0.0,0.0,0.0,0.0,0.0,0.0,0.0,0.0,0.0,0.0,0.0,0.0,0.0,0.0,0.0,0.0,0.0,0.0,0.0,0.0,0.0,0.0,0.0,0.0,0.0,0.0,0.0,0.0,0.0,0.0,15.166407115
2012-07-01,61.978969767,0.0,0.0,0,0.0,0.0,0.0,13406.528016,0.0,0.0,2341.0754208,0.0,0.0,0.0,0.0,0.0,0.0,0.0,0.0,0.0,0.0,0.0,0.0,0.0,0.0,0.0,0.0,0.0,0.0,0.0,0.0,0.0,0.0,0.0,0.0,0.0,0.0,0.0,0.0,0.0,0.0,0.0,0.0,0.0,0.0,0.0,0.0,0.0,0.0,22.702244771
2012-08-01,70.80393852,0.0,0.0,0,0.0,0.0,0.0,16592.181104,0.0,1484.466481,2661.4362541,0.0,0.0,0.0,0.0,0.0,0.0,0.0,0.0,0.0,0.0,0.0,0.0,0.0,0.0,0.0,0.0,0.0,0.0,0.0,0.0,0.0,0.0,0.0,0.0,0.0,0.0,0.0,0.0,0.0,0.0,0.0,0.0,0.0,0.0,0.0,0.0,0.0,0.0,30.193096347
2012-09-01,79.62669319300001,0.0,0.0,0,0.0,0.0,0.0,19722.454642,0.0,2944.212004,2980.2832794,0.0,0.0,0.0,0.0,0.0,0.0,0.0,0.0,0.0,0.0,0.0,0.0,0.0,0.0,0.0,0.0,0.237098562,0.0,0.0,0.0,0.0,0.0,0.0,0.0,0.0,0.0,0.0,0.0,0.0,0.0,0.0,0.0,0.0,0.0,0.0,0.0,0.0,0.0,37.630764086
2012-10-01,88.44747658000001,0.0,0.0,0,0.0,0.0,0.0,22799.827141,0.0,4383.671333,3297.6952475000003,0.0,0.0,0.0,0.0,0.0,0.0,0.0,0.0,0.0,0.0,0.0,0.0,0.0,0.0,0.0,0.0,0.472272177,0.0,0.0,0.0,0.0,0.0,0.0,0.0,0.0,0.0,0.0,0.0,0.0,0.0,0.0,0.0,0.0,0.0,0.0,0.0,0.0,0.0,45.00831515
2012-11-01,97.26658871400001,0.0,0.0,0,0.0,0.0,0.0,25830.175348,0.0,5805.428841,3613.8174888000003,0.0,0.0,0.0,0.0,0.0,0.0,0.0,0.0,0.0,0.0,0.0,0.0,0.0,0.0,0.0,0.0,0.706281689,0.0,0.0,0.0,0.0,0.0,0.0,0.0,0.0,0.0,0.0,0.0,0.0,0.0,0.0,0.0,0.0,0.0,0.0,0.0,0.0,0.0,52.325862130000004
2012-12-01,106.08417803900001,0.0,0.0,0,0.0,0.0,0.0,28815.914058000002,0.0,7210.21637,3928.6956876000004,0.0,0.0,0.0,0.0,0.0,0.0,0.0,0.0,0.0,0.0,0.0,0.0,0.0,0.0,0.0,0.0,0.93941189,0.0,0.0,0.0,0.0,0.0,0.0,0.0,0.0,0.0,0.0,0.0,0.0,0.0,0.0,0.0,0.0,0.0,0.0,0.0,0.0,0.0,59.58112993300001
2013-01-01,114.90041061100001,0.0,0.0,0,0.0,0.0,0.0,31760.46654,0.0,8599.05944,4242.4054309,0.0,0.0,0.0,0.0,0.0,0.0,0.0,0.0,0.0,0.0,0.0,0.0,0.0,0.0,0.0,0.0,1.171835334,0.0,0.0,0.0,0.0,0.0,0.0,0.0,0.0,0.0,0.0,0.0,0.0,0.0,0.0,0.0,0.0,0.0,0.0,0.0,0.0,0.0,66.77464314500001
2013-02-01,123.71553236900002,0.0,0.0,0,0.0,0.0,0.0,34670.234567,0.0,9974.209432000001,4555.113693,0.0,0.0,0.0,0.0,0.0,0.0,0.0,0.0,0.0,0.0,0.0,0.0,0.0,0.0,0.0,0.0,1.403710932,0.0,0.0,0.0,0.0,0.0,0.0,0.0,0.0,0.0,0.0,0.0,0.0,0.0,0.0,0.0,0.0,0.0,0.0,0.0,0.0,0.0,73.91310313200002
2013-03-01,132.52953891,0.0,0.0,0,0.0,0.0,0.0,37540.676885,0.0,11326.502885000002,4866.770808,0.0,0.0,0.0,0.0,0.0,0.0,0.0,0.0,0.0,0.0,0.0,0.0,0.0,0.0,0.0,0.0,1.635056729,0.0,0.0,0.0,0.0,0.0,0.0,0.0,0.0,0.0,0.0,3576.398644,0.0,0.0,0.0,0.0,0.0,0.0,0.0,0.0,0.0,13.38587606,80.97238711500002
2013-04-01,141.342557921,0.0,0.0,0,0.0,0.0,0.0,40371.064231000004,0.0,12655.528244000001,5177.4585711,0.0,0.0,0.0,0.0,0.0,0.0,0.0,0.0,0.0,0.0,0.0,0.0,0.0,0.0,0.0,0.0,1.865943753,0.0,0.0,0.0,0.0,0.0,0.0,0.0,0.0,0.0,0.0,7069.955786,0.0,0.0,0.0,0.0,0.0,0.0,0.0,0.0,0.0,26.70716766,87.93928798100002
2013-05-01,150.15463783500002,0.0,0.0,0,0.0,0.0,0.0,43158.357907000005,0.0,13961.306958000001,5487.1901536,0.0,0.0,0.0,0.0,0.0,0.0,0.0,0.0,0.0,0.0,0.0,0.0,0.0,0.0,0.0,0.0,2.09640134,0.0,0.0,0.0,0.0,0.0,0.0,0.0,0.0,0.0,0.0,10498.175490000001,0.0,0.0,0.0,0.0,0.0,0.0,0.0,0.0,0.0,39.991842649999995,94.80249945500002
2013-06-01,158.96587614700002,0.0,0.0,0,0.0,0.0,0.0,45903.08966900001,0.0,15245.552675,5796.0345441,0.0,0.0,0.0,0.0,0.0,0.0,0.0,0.0,0.0,0.0,0.0,0.0,0.0,0.0,0.0,0.0,2.326476583,0.0,0.0,0.0,0.0,0.0,0.0,0.0,0.0,0.0,0.0,13870.705421000002,0.0,0.0,0.0,0.0,0.0,0.0,0.0,0.0,0.0,53.252080989999996,101.56363555100002
2013-07-01,167.776303678,0.0,0.0,0,0.0,0.0,0.0,45903.08966900001,0.0,16517.149642,6103.9988441,0.0,0.0,0.0,0.0,0.0,0.0,0.0,0.0,0.0,0.0,0.0,0.0,0.0,0.0,0.0,0.0,2.556184691,0.0,0.0,0.0,0.0,0.0,0.0,0.0,0.0,0.0,0.0,17193.176010000003,0.0,0.0,0.0,0.0,0.0,0.0,0.0,0.0,0.0,66.49306627,108.22495249200001
2013-08-01,176.58597263500002,0.0,0.0,0,0.0,0.0,0.0,45903.08966900001,0.0,17780.451483,6411.1164032,0.0,0.0,0.0,0.0,0.0,0.0,0.0,0.0,0.0,0.0,0.0,0.0,0.0,0.0,0.0,0.0,2.785547314,0.0,0.0,0.0,0.0,0.0,0.0,0.0,0.0,0.0,0.0,20472.592492000003,0.0,0.0,0.0,0.0,0.0,0.0,0.0,0.0,0.0,79.71834605,114.79623940500001
2013-09-01,185.39493333800002,0.0,0.0,0,0.0,0.0,0.0,45903.08966900001,0.0,17780.451483,6717.443007399999,0.0,0.0,0.0,0.0,0.0,6.592738958,0.0,0.0,0.0,0.0,0.0,0.0,0.0,0.0,0.0,0.0,3.014590657,0.0,0.0,0.0,0.0,0.0,0.0,0.0,0.0,1188.527139,0.0,23709.938121000003,0.0,0.0,0.0,0.0,0.0,0.0,0.0,0.0,0.0,92.93059043,121.29561337700001
2013-10-01,194.20317069100003,0.0,0.0,0,0.0,0.0,0.0,45903.08966900001,0.0,17780.451483,7022.980266899999,0.0,0.0,0.0,0.0,0.0,13.123968635,0.0,0.0,0.0,0.0,0.0,0.0,0.0,0.0,0.0,0.0,3.2433149209999996,0.0,0.0,0.0,0.0,0.0,0.0,0.0,0.0,2355.1467110000003,0.0,26909.976376000002,0.0,0.0,0.0,0.0,0.0,0.0,0.0,0.0,0.0,106.13095802999999,127.732419461
2013-11-01,203.01070482200004,0.0,0.0,0,0.0,0.0,0.0,45903.08966900001,0.0,17780.451483,7327.777803499999,0.0,0.0,0.0,0.0,0.0,19.621325404,0.0,0.0,0.0,0.0,0.0,0.0,0.0,0.0,0.0,0.0,3.4717360449999997,0.0,0.0,0.0,0.0,0.0,0.0,0.0,0.0,3507.7956270000004,0.0,30078.567336000004,0.0,0.0,0.0,0.0,0.0,0.0,0.0,0.0,0.0,119.32091945999998,134.114970521
2013-12-01,211.81750553900002,0.0,0.0,0,0.717781023,0.0,0.0,45903.08966900001,0.0,17780.451483,7631.834673799999,0.0,0.0,0.0,0.0,0.0,26.093430968,0.0,0.0,0.0,0.0,0.0,0.0,2006.424582,0.0,0.0,0.0,3.6998453099999997,0.0,0.0,0.0,0.0,0.0,0.0,0.0,0.0,4648.853205,0.0,33218.08277,0.0,0.0,0.0,0.0,0.0,0.0,0.0,0.0,0.0,132.50100432999997,140.445371191
2014-01-01,220.62356781000003,0.0,0.0,0,1.433088377,0.0,0.0,45903.08966900001,0.0,17780.451483,7935.172961899999,0.0,0.0,0.0,0.0,0.0,32.545212913,0.0,0.0,0.0,0.0,0.0,0.0,3939.529653,0.0,0.0,0.0,3.9276396979999997,0.0,0.0,0.0,0.0,0.0,0.0,0.0,0.0,5779.814201,0.0,36330.933888,0.0,0.0,0.0,0.0,0.0,0.0,0.0,0.0,0.0,145.67189887999996,146.726288557
2014-02-01,229.42895956700002,0.0,0.0,0,2.1471633949999998,0.0,0.0,45903.08966900001,0.0,17780.451483,8237.879016899999,0.0,0.0,0.0,0.0,0.0,38.981247843,0.0,0.0,0.0,0.0,0.0,0.0,5840.578683,0.0,0.0,0.0,4.155144185999999,0.0,0.0,0.0,0.0,0.0,0.0,0.0,0.0,6902.435223,0.0,39421.155913,0.0,0.0,0.0,0.0,0.0,0.0,0.0,0.0,0.0,158.83495482999996,152.96420113
2014-03-01,238.233607217,0.0,0.0,0,2.8602978689999996,0.0,0.0,45903.08966900001,0.0,17780.451483,8539.904330399999,0.0,0.0,0.0,0.0,0.0,45.402154065,0.0,0.0,0.0,0.0,0.0,0.0,7718.341377999999,0.0,0.0,0.0,4.382317204,0.0,0.0,0.0,0.0,0.0,0.0,0.0,0.0,8016.483415000001,0.0,42487.669859,0.0,0.0,0.0,0.0,0.0,0.0,0.0,0.0,0.0,171.98979855999997,159.15619280299998
2014-04-01,247.037536549,0.0,0.0,0,3.5727379269999995,0.0,0.0,45903.08966900001,0.0,17780.451483,8841.287717899999,0.0,0.0,0.0,0.0,0.0,51.810111064,0.0,0.0,0.0,0.0,0.0,0.0,9578.691213999999,0.0,0.0,0.0,4.60915643,0.0,0.0,0.0,0.0,0.0,0.0,0.0,0.0,9122.642941,0.0,45532.204532,0.0,0.0,0.0,0.0,0.0,0.0,0.0,0.0,0.0,185.13706786999998,165.30506382099998
2014-05-01,255.84072743500002,0.0,0.0,0,4.284610186999999,0.0,0.0,45903.08966900001,0.0,17780.451483,9142.024669499999,0.0,0.0,0.0,0.0,0.0,58.206156060999994,0.0,0.0,0.0,0.0,0.0,0.0,11424.057766999998,0.0,0.0,0.0,4.835633748999999,0.0,0.0,0.0,0.0,0.0,0.0,0.0,0.0,10220.966448,0.0,48554.813083,0.0,0.0,0.0,0.0,0.0,0.0,0.0,0.0,0.0,198.27685397,171.41055365299997
2014-06-01,264.64320818000004,0.0,0.0,0,4.996033214999999,0.0,0.0,45903.08966900001,0.0,17780.451483,9442.150987899999,0.0,0.0,0.0,0.0,0.0,64.59183073499999,0.0,0.0,0.0,0.0,0.0,0.0,13256.720909999998,0.0,0.0,0.0,5.061742454999999,0.0,0.0,0.0,0.0,0.0,0.0,0.0,0.0,11311.927195,0.0,51556.797353,0.0,0.0,0.0,0.0,0.0,0.0,0.0,0.0,0.0,211.4096783,177.47499161099998
2014-07-01,273.44496117200003,0.0,0.0,0,5.707071608999999,0.0,447.0467609,45903.08966900001,0.0,17780.451483,9741.661225999998,0.0,0.0,0.0,0.0,0.0,70.96784333999999,0.0,0.0,0.0,0.0,0.0,0.0,15077.417705999998,0.0,0.0,0.0,5.287448273999999,0.0,0.0,0.0,0.0,0.0,0.0,0.0,0.0,12395.458194,0.0,54538.041983,0.0,0.0,0.0,0.0,0.0,0.0,0.0,0.0,0.0,224.53557608,183.49784719699997
2014-08-01,282.24599270100003,0.0,0.0,0,6.417785942999998,0.0,891.4101261,45903.08966900001,0.0,17780.451483,10040.569561399998,7.211017653,0.0,0.0,0.0,0.0,77.33510089399999,0.0,0.0,0.0,0.0,0.0,0.0,16886.864773999998,0.0,0.0,0.0,5.512727227999999,0.0,0.0,0.0,0.0,0.0,0.0,0.0,0.0,13471.701788,0.0,57498.967712000005,0.0,0.0,0.0,0.0,0.0,0.0,0.0,0.0,0.0,237.65478507,189.47983124399997
2014-09-01,291.04633295900004,0.0,0.0,0,7.128230812999998,0.0,1333.6935078,45903.08966900001,0.0,17780.451483,10338.907934799998,14.404067921,0.0,0.0,0.0,0.0,83.69462866699999,0.0,0.0,0.0,0.0,0.0,0.0,18685.892331,0.0,0.0,0.0,5.737569171999999,0.0,0.0,0.0,0.0,0.0,0.0,0.0,0.0,14541.001662,0.0,60440.54835700001,0.0,0.0,0.0,0.0,0.0,0.0,0.0,0.0,0.0,250.76772293,195.42283332999997
2014-10-01,299.845966221,0.0,0.0,0,7.838433706999998,0.0,1773.9962943,45903.08966900001,0.0,17780.451483,10636.670012099998,21.589614848,0.0,0.0,0.0,0.0,90.046862556,0.0,0.0,0.0,0.0,0.0,0.0,20474.545413,0.0,0.0,0.0,5.9619327549999985,0.0,0.0,0.0,0.0,0.0,0.0,0.0,0.0,15603.221449,0.0,63362.427842000005,0.0,0.0,0.0,0.0,0.0,0.0,0.0,0.0,0.0,263.87437708,201.32608412599998
2014-11-01,308.64492142100005,0.0,0.0,0,8.548428778999998,0.0,2212.4589916,45903.08966900001,0.0,17780.451483,10933.885639299997,28.769955541999998,0.0,0.0,0.0,0.0,96.39261208399999,0.0,0.0,0.0,0.0,0.0,0.0,22253.475036,0.0,0.0,0.0,6.1858074479999985,0.0,0.0,0.0,0.0,0.0,0.0,0.0,0.0,16658.666843,0.0,66265.47915500001,0.0,0.0,0.0,0.0,0.0,0.0,0.0,0.0,0.0,276.97511926,207.19130293999999
2014-12-01,317.443184092,0.0,0.0,0,9.258230055999999,0.0,2649.0721521,45903.08966900001,0.0,17780.451483,11230.548142799997,35.945641007,0.0,0.0,0.0,0.0,102.73220495999999,0.0,0.0,0.0,0.0,0.0,0.0,24022.66038,0.0,0.0,0.0,6.409148590999998,0.0,0.0,0.0,0.0,0.0,0.0,0.0,0.0,17707.183362,0.0,69149.29596300001,0.0,0.0,0.0,0.0,0.0,0.0,0.0,0.0,0.0,290.06991865,213.017638421
2015-01-01,326.240759895,0.0,0.0,0,9.967852319999999,0.0,3082.358909,45903.08966900001,0.0,17780.451483,11526.657478499998,43.116975679,0.0,0.0,0.0,0.0,109.066122998,0.0,0.0,0.0,0.0,154.8495473,0.0,25782.137989000003,0.0,0.0,0.0,6.631927363999998,0.0,0.0,0.0,534.5002728,0.0,0.0,0.0,0.0,18748.839251999998,0.0,72014.08765900001,0.0,0.0,0.0,0.0,0.0,0.0,0.0,0.0,0.0,303.15892621,218.805461678
2015-02-01,335.037720536,0.0,0.0,0,10.677320919,0.0,3512.9510928,45903.08966900001,0.0,17780.451483,11822.257242499998,50.284503014,5.422370986,0.0,0.0,0.0,115.395270071,0.0,0.0,0.0,0.0,305.8243288,0.0,27532.773116000004,0.0,0.0,0.0,6.854174675999999,0.0,0.0,0.0,1064.1332241,0.0,0.0,0.0,0.0,19784.346164,0.0,74861.845595,0.0,0.0,0.0,0.0,0.0,0.0,0.0,0.0,0.0,316.24282,224.558788751
2015-03-01,343.83400563099997,0.0,0.0,0,11.386624091,0.0,3940.8844999,45903.08966900001,0.0,17780.451483,12117.272696899998,57.44788461,10.828825756,0.0,0.0,0.0,121.719524153,0.0,0.0,0.0,0.0,454.37803269999995,0.0,29273.524452000005,0.0,0.0,0.0,7.075804813999999,0.0,0.0,0.0,1589.7485007999999,0.0,0.0,0.0,0.0,20813.108119999997,0.0,77690.93430800001,0.0,0.0,0.0,0.0,0.0,0.0,0.0,0.0,0.0,329.32118614,230.274255622
2015-04-01,352.629637824,0.0,0.0,0,12.095766239,0.0,4366.422159199999,45903.08966900001,0.0,17780.451483,12411.702325899998,64.607278346,16.227844488000002,0.0,0.0,0.0,128.039372719,0.0,1405.446092,0.0,0.0,601.2418588999999,0.0,31004.669763000005,0.0,0.0,0.0,7.2968108329999986,0.0,0.0,0.0,2111.9712472,0.0,0.0,0.0,0.0,21835.397918,0.0,80502.121681,0.0,0.0,0.0,0.0,0.0,0.0,0.0,0.0,0.0,342.39431837,235.953377678
2015-05-01,361.4245951,0.0,0.0,0,12.804731197999999,0.0,4789.593294099999,45903.08966900001,0.0,17780.451483,12705.507427099998,71.762550245,21.621904625000003,0.0,0.0,0.0,134.354983712,0.0,2789.699475,0.0,0.0,746.7277536999999,0.0,32725.906563000004,0.0,0.0,0.0,7.517143909999999,0.0,0.0,0.0,2630.9666952000002,0.0,0.0,0.0,0.0,22851.045099,0.0,83294.949613,0.0,0.0,0.0,0.0,0.0,0.0,0.0,0.0,0.0,355.46215819,241.595254694
2015-06-01,370.21889444199996,0.0,0.0,0,13.513501606999998,24.5296747,5210.5328942999995,45903.08966900001,0.0,17780.451483,12998.684308199998,78.913817301,27.012379462000002,0.0,0.0,0.0,140.666762208,0.0,4160.4715639999995,0.0,0.0,891.0819767999999,0.0,34437.60791100001,0.0,0.0,0.0,7.736799892999999,0.0,0.0,0.0,3146.9979681000004,0.0,0.0,0.0,0.0,23860.308433,0.0,86070.15372,0.0,0.0,0.0,0.0,0.0,0.0,0.0,0.0,0.0,368.52498048,247.201370985
2015-07-01,379.01250691599995,0.0,0.0,0,14.222027523999998,48.862680600000004,5629.201999399999,45903.08966900001,0.0,17780.451483,13291.186272299998,86.060915974,32.399909384000004,0.0,0.0,0.0,146.974840297,0.0,5519.4375119999995,0.0,0.0,1034.4110494,0.0,36139.53529100001,0.0,0.0,0.0,7.955729318999999,0.0,0.0,0.0,3660.0757149000005,0.0,0.0,0.0,0.0,24863.021424,0.0,88827.284644,0.0,0.0,0.0,0.0,0.0,0.0,0.0,0.0,0.0,381.58272171,252.770920864
2015-08-01,387.80542434499995,0.0,0.0,0,14.930244789999998,73.0683228,6045.620712399999,45903.08966900001,0.0,17780.451483,13582.993090799997,93.20381041099999,37.784995200000004,0.0,0.0,0.0,153.279453225,0.0,6867.6704549999995,0.0,0.0,1176.8210838999998,0.0,37831.78085100001,0.0,0.0,0.0,8.173906057999998,0.0,0.0,0.0,4170.2726417,0.0,0.0,0.0,0.0,25859.2300515,0.0,91566.479633,0.0,0.0,0.0,0.0,0.0,0.0,0.0,0.0,0.0,394.63547811,258.304419859
2015-09-01,396.59766056699993,0.0,0.0,0,15.638084655999998,97.17137951000001,6459.872772,45903.08966900001,0.0,17780.451483,13874.114487999997,100.34259684899999,43.16805123300001,0.0,0.0,0.0,159.580913605,0.0,8206.184468,0.0,0.0,1318.4202366999998,0.0,39514.74702600001,0.0,0.0,0.0,8.391330694999999,0.0,0.0,0.0,4677.7288268,0.0,0.0,0.0,0.0,26849.1868593,0.0,94288.441595,0.0,0.0,0.0,0.0,0.0,0.0,19.81721047,0.0,0.0,407.68349877,263.803389711
2015-10-01,405.3891809869999,0.0,0.0,0,16.345431889999997,121.17947671000002,6871.8936365,45903.08966900001,0.0,17780.451483,14164.520391399998,107.47709099099998,48.54927693900001,0.0,0.0,0.0,165.879312642,0.0,9535.136926,0.0,0.0,1459.2502042999997,0.0,41188.21850900001,0.0,0.0,0.0,8.607953771999998,0.0,0.0,0.0,5182.388459,0.0,0.0,0.0,0.0,27832.7279929,0.0,96992.733311,0.0,0.0,0.0,0.0,0.0,0.0,39.480385760000004,0.0,0.0,420.72671135,263.803389711
2015-11-01,414.1800007009999,0.0,0.0,0,17.052192454999997,145.10223434000002,7281.760566,45903.08966900001,0.0,17780.451483,14454.231539099997,114.60738592899999,53.92892542800001,0.0,0.0,0.0,172.174929612,0.0,10855.192619,0.0,0.0,1599.3897436999996,0.0,42852.58578300001,0.0,0.0,0.0,8.823779151999998,0.0,0.0,0.0,5684.3663749,0.0,0.0,0.0,0.0,28810.101592799998,0.0,99680.046367,0.0,0.0,0.0,0.0,0.0,0.0,59.01027972,0.0,0.0,433.76535047000004,263.803389711
2015-12-01,422.9700857429999,0.0,0.0,0,17.758218033999995,168.94180798000002,7689.406811,45903.08966900001,0.0,17780.451483,14743.225708599997,121.73329170499998,59.30710721500001,0.0,0.0,0.0,178.467846914,0.0,12166.354441,0.0,0.0,1738.8646942999997,0.0,44507.62819500001,0.0,0.0,0.0,9.038757783999998,0.0,0.0,0.0,6183.5934222,0.0,0.0,0.0,0.0,29781.1433013,0.0,102349.931406,0.0,0.0,0.0,0.0,0.0,0.0,78.40713956,0.0,0.0,446.79934191000007,263.803389711
2016-01-01,431.7594266779999,0.0,0.0,0,18.463372384999996,192.70206472,8094.8371707,45903.08966900001,0.0,17780.451483,15031.506378299997,128.854755483,64.68395394900001,0.0,0.0,0.0,184.758207331,0.0,13468.867702,0.0,0.0,1877.7170103999997,0.0,46153.423552000015,0.0,0.0,0.0,9.252868188999997,0.0,0.0,0.0,6680.0858228,0.0,0.0,0.0,0.0,30745.8921164,0.0,105002.49454,0.0,0.0,0.0,0.0,0.0,0.0,97.67325357,0.0,0.0,459.8287624100001,263.803389711
2016-02-01,440.5480650199999,0.0,0.0,0,19.167588644999995,216.39091109,8497.8593033,45903.08966900001,0.0,17780.451483,15319.124415299997,135.972016283,70.05964822900002,0.0,0.0,0.0,191.046295297,0.0,14763.462669999999,0.0,0.0,2016.0193980999998,0.0,47790.47977200001,0.0,510.6204765,0.0,9.466148256999997,0.0,0.0,0.0,7173.8649816,0.0,0.0,0.0,0.0,31704.785318899998,0.0,107638.940115,0.0,0.0,0.0,0.0,0.0,0.0,116.81843667,0.0,0.0,472.8539686100001,263.803389711
2016-03-01,449.3359454169999,0.0,0.0,0,19.870660690999994,240.00612169000001,8898.1697037,45903.08966900001,0.0,17780.451483,15606.040519799997,143.084730042,75.43420087400001,0.0,0.0,0.0,197.332079425,0.0,16049.746157999998,0.0,0.0,2153.7659322,0.0,49417.96852500001,0.0,1015.150346,0.0,9.678521218999997,0.0,0.0,0.0,7664.582929499999,0.0,0.0,0.0,0.0,31704.785318899998,0.0,110268.939257,0.0,0.0,0.0,0.0,0.0,0.0,135.83601579999998,0.0,0.0,485.8747391000001,263.803389711
2016-04-01,458.1230861099999,0.0,0.0,0,20.572494613999993,263.55227626,9295.8484687,45903.08966900001,0.0,17780.451483,15892.284110099998,150.19299236799998,80.80772101600002,0.0,0.0,0.0,203.61574376,0.0,17328.096823999997,0.0,0.0,2291.0009195,0.0,51035.97522800001,0.0,1515.5501009,0.0,9.678521218999997,0.0,0.0,0.0,8152.2563161,0.0,0.0,0.0,0.0,31704.785318899998,0.0,112892.75683900001,0.0,0.0,0.0,0.0,0.0,0.0,154.73201676999997,0.0,0.0,498.8912789400001,263.803389711
2016-05-01,466.90945753599993,0.0,0.0,0,21.272912405999993,287.02916158,9690.8366107,45903.08966900001,0.0,17780.451483,16177.840807199998,157.296598836,86.18023941200002,0.0,0.0,0.0,209.89732509799998,0.0,18598.340497999998,0.0,0.0,2427.7326061,0.0,52643.99020300001,0.0,2012.1868067,0.0,9.678521218999997,0.0,0.0,0.0,8636.7499567,0.0,0.0,0.0,0.0,31704.785318899998,0.0,115508.78507400001,0.0,0.0,0.0,0.0,0.0,0.0,173.50478657999997,0.0,0.0,511.90351013000014,263.803389711
2016-06-01,475.69507982299996,0.0,0.0,0,21.971836574999994,310.44077494,10077.0415854,45903.08966900001,0.0,17780.451483,16462.740608099997,164.39564757,91.55184148100003,0.0,0.0,0.0,216.17698421199998,0.0,18598.340497999998,0.0,0.0,2563.9985748,0.0,54241.85538300001,0.0,2503.6656622,0.0,9.678521218999997,1693.574449,0.0,0.0,9115.7695047,0.0,0.0,0.0,0.0,31704.785318899998,0.0,118116.26092100001,0.0,0.0,0.0,0.0,0.0,0.0,192.16068566999996,0.0,0.0,524.9116282900002,263.803389711
2016-07-01,475.69507982299996,0.0,0.0,0,22.669096723999996,333.78665968999996,10456.8876721,45903.08966900001,0.0,17780.451483,16746.9698133,171.489928484,96.92254603000002,0.0,0.0,0.0,222.45476576099998,0.0,18598.340497999998,0.0,0.0,2699.8033922,0.0,55828.47536400001,0.0,2989.4344179,0.0,9.678521218999997,3355.1521709999997,0.0,0.0,9588.7893362,0.0,0.0,0.0,0.0,31704.785318899998,0.0,120714.18162900001,0.0,0.0,0.0,0.0,0.0,0.0,210.69839565999996,0.0,0.0,537.9155529000002,263.803389711
2016-08-01,475.69507982299996,0.0,0.0,0,23.364587621999995,357.06839083999995,10831.641657799999,45903.08966900001,0.0,17780.451483,17030.5369645,178.579386226,102.29239765500002,0.0,0.0,0.0,228.73078598399997,0.0,18598.340497999998,0.0,0.0,2835.1652741,0.0,57403.06785800001,0.0,3469.6660237,0.0,9.678521218999997,4993.6230749999995,0.0,0.0,10056.0878843,0.0,13.69533399,0.0,0.0,31704.785318899998,0.0,123302.063057,0.0,0.0,0.0,0.0,0.0,0.0,229.12036964999996,0.0,0.0,550.9153418400002,263.803389711
2016-09-01,475.69507982299996,0.0,0.0,0,24.058285555999994,380.2894071399999,11202.0444228,45903.08966900001,0.0,17780.451483,17313.4714298,185.664121436,107.66146271600002,0.0,0.0,0.0,235.00521055999997,0.0,18598.340497999998,0.0,0.0,2970.1141168,0.0,58965.41560900001,0.0,3944.8022641000002,0.0,9.678521218999997,6612.848717,0.0,0.0,10518.1600148,0.0,27.22329297,0.0,0.0,31704.785318899998,0.0,125879.913256,0.0,0.0,0.0,0.0,0.0,0.0,247.43250199999994,0.0,0.0,563.9111775100002,263.803389711
2016-10-01,475.69507982299996,0.0,0.0,0,24.750065730999996,403.4490468699999,11568.3166391,45903.08966900001,0.0,17780.451483,17595.7603964,192.743919625,113.02975542700001,0.0,0.0,0.0,241.27809540699997,0.0,18598.340497999998,0.0,0.0,3104.6512413,0.0,60514.59455300001,0.0,4414.9392628000005,0.0,9.678521218999997,8214.050176,0.0,0.0,10975.1178721,0.0,40.66339512,0.0,0.0,31704.785318899998,0.0,128447.155244,0.0,0.0,0.0,0.0,0.0,0.0,265.6333000899999,0.0,0.0,576.9029806700003,263.803389711
2016-11-01,475.69507982299996,39.39379636,0.0,0,25.439947772999997,426.5504852299999,11930.8279638,45903.08966900001,0.0,17780.451483,17877.4325405,199.818884578,118.39733768300002,0.0,0.0,0.0,247.54958443999996,0.0,18598.340497999998,0.0,0.0,3238.8031662,0.0,62050.69400900001,0.0,4880.4515704000005,0.0,9.678521218999997,9798.984563,0.0,0.0,11427.3477692,0.0,54.047464059999996,0.0,0.0,31704.785318899998,0.0,131003.844059,0.0,0.0,0.0,0.0,676.0684474,0.0,283.6768293099999,0.0,0.0,589.8909268000002,263.803389711
2016-12-01,475.69507982299996,78.58448862,0.0,0,26.127842237999996,449.5929844099999,12289.6453225,45903.08966900001,0.0,17780.451483,18158.4751876,206.888795516,123.76422300700001,0.0,0.0,0.0,253.81972118599995,0.0,18598.340497999998,0.0,0.0,3372.5696964999997,0.0,63573.05453200002,0.0,5341.3796883,0.0,9.678521218999997,11368.044436,0.0,0.0,11874.8927485,0.0,67.38829616999999,0.0,0.0,31704.785318899998,0.0,133549.258741,0.0,0.0,0.0,0.0,1343.28611,0.0,301.5414979799999,0.0,0.0,602.8749360200002,263.803389711
2017-01-01,475.69507982299996,117.65897565,0.0,0,26.813737551999996,472.5776797399999,12644.920958300001,45903.08966900001,0.0,17780.451483,18438.8961374,213.95359142599997,129.13044624600002,0.0,0.0,0.0,260.08858621999997,0.0,18598.340497999998,0.0,0.0,3505.9627517999998,0.0,65081.553971000016,0.0,5797.888609500001,0.0,9.678521218999997,12921.953901,0.0,0.0,12317.9224072,0.0,80.69396780999999,0.0,0.0,31704.785318899998,0.0,136083.021764,0.0,0.0,0.0,0.0,2003.3479541000002,0.0,319.2287622299999,0.0,0.0,615.8550536100001,263.803389711
2017-02-01,475.69507982299996,156.65680079,0.0,0,27.497826063999995,495.5110417599999,12997.101977,45903.08966900001,0.0,17780.451483,18718.761906699998,221.01371638199998,134.496097724,0.0,0.0,0.0,266.356361763,0.0,18598.340497999998,0.0,0.0,3639.0274753999997,0.0,66577.50171500002,0.0,6250.523098200001,0.0,9.678521218999997,14462.667134000001,0.0,0.0,12756.9949452,0.0,93.97201691,0.0,0.0,31704.785318899998,0.0,138605.978441,0.0,0.0,0.0,0.0,2657.5480214,0.0,336.7608691699999,0.0,0.0,628.8316940900002,263.803389711
2017-03-01,475.69507982299996,195.58788525,0.0,0,28.179920456999994,518.3885938599999,13345.9660334,45903.08966900001,0.0,17780.451483,18998.020376499997,228.06860617099997,139.86114297100002,0.0,0.0,0.0,272.622996048,0.0,18598.340497999998,0.0,0.0,3771.7387261,0.0,68059.57969400001,0.0,6698.9942611000015,0.0,9.678521218999997,15989.293661000002,0.0,0.0,13191.817544,0.0,107.22277684999999,0.0,0.0,31704.785318899998,0.0,141116.680437,0.0,0.0,0.0,0.0,3305.6752195,0.0,354.1281944599999,0.0,0.0,641.8045278600001,263.803389711
2017-04-01,475.69507982299996,234.46503296,0.0,0,28.860095078999993,541.2130482999999,13691.7091742,45903.08966900001,0.0,17780.451483,19276.697750899995,235.11836960999997,145.225622433,0.0,0.0,0.0,278.888579841,0.0,18598.340497999998,0.0,9.370701104,3904.1168647,0.0,69528.30016600002,0.0,7143.541564700002,0.0,9.678521218999997,17502.731505000003,0.0,0.0,13622.6370044,0.0,120.44926241999998,0.0,0.0,31704.785318899998,0.0,143615.292927,0.0,0.0,0.0,0.0,3948.2202313,0.0,371.34254631999994,0.0,0.0,654.7737165800002,263.803389711
2017-05-01,475.69507982299996,273.29416156,0.0,0,29.538298351999995,563.9835596999999,14034.311466399999,45903.08966900001,0.0,17780.451483,19554.781550599997,242.16276830799998,150.589534285,0.0,0.0,0.0,285.153130753,0.0,18598.340497999998,0.0,18.647345322,4036.1596079,0.0,70983.33001300001,0.0,7584.153825500001,0.0,9.678521218999997,19002.926823,0.0,0.0,14049.4254428,0.0,133.65228881,0.0,0.0,31704.785318899998,0.0,146101.213518,0.0,0.0,0.0,0.0,4585.2346348,0.0,388.40548089999993,0.0,0.0,654.7737165800002,263.803389711
2017-06-01,475.69507982299996,312.08208625000003,0.0,0,30.214605127999995,586.7026962699999,14373.945098699998,45903.08966900001,0.0,17780.451483,19832.297161999995,249.20191485599997,155.95290739900003,0.0,0.0,0.0,291.41672633900004,0.0,18598.340497999998,0.0,27.881301825999998,4167.8855616,0.0,72425.23898300002,0.0,8021.042488000001,0.0,9.678521218999997,20490.618942,0.0,0.0,14472.4029401,0.0,146.83374553,0.0,0.0,31704.785318899998,0.0,148574.697269,0.0,0.0,0.0,0.0,5217.0829984,0.0,405.3272760499999,0.0,0.0,654.7737165800002,263.803389711
2017-07-01,475.69507982299996,350.83167654000005,0.0,0,30.888962443999993,609.3695906099999,14710.580237699998,45903.08966900001,0.0,17780.451483,20109.232200099996,256.235565831,161.31573013800002,0.0,0.0,0.0,297.679377545,0.0,18598.340497999998,0.0,37.087485464,4299.2919267,0.0,73853.74811400002,0.0,8454.165749000002,0.0,9.678521218999997,21965.686213,0.0,0.0,14891.5441097,0.0,159.99382946,0.0,0.0,31704.785318899998,0.0,151035.19563,0.0,0.0,0.0,0.0,5843.7688319,0.0,422.1081198499999,0.0,0.0,654.7737165800002,263.803389711
2017-08-01,475.69507982299996,389.54624725,0.0,0,31.561377596999993,631.9850484799999,15041.636744299998,45903.08966900001,0.0,17780.451483,20385.593074399996,263.26365393,166.67800476600002,0.0,0.0,0.0,303.941123305,120.6842612,18598.340497999998,0.0,46.273511539,4430.386024699999,0.0,75266.99254800001,0.0,8882.246002500002,0.0,9.678521218999997,23422.19138,0.0,0.0,15303.4480745,0.0,173.13325074,0.0,0.0,31704.785318899998,1525.612453,153479.542655,698.5910504,0.0,0.0,0.0,6464.725268,512.6785268,438.7475480999999,0.0,0.0,654.7737165800002,263.803389711
2017-09-01,475.69507982299996,428.22942709,0.0,0,32.23191688299999,654.5514544099999,15367.740504899997,45903.08966900001,0.0,17780.451483,20661.404095799997,270.286294889,172.03974700900002,0.0,0.0,0.0,310.202026268,239.2209026,18598.340497999998,0.0,55.444191900999996,4561.1844046999995,0.0,76663.76875500001,0.0,9305.057267600001,0.0,9.678521218999997,24860.309933,0.0,0.0,15708.7535652,0.0,186.2532051,0.0,0.0,31704.785318899998,3021.838844,155906.796039,1384.0285786,0.0,0.0,0.0,7079.758385900001,1014.1878753999999,455.2458708899999,0.0,0.0,654.7737165800002,263.803389711
2017-10-01,475.69507982299996,466.88235266,0.0,0,32.90051803099999,677.0679189999998,15689.218882499998,45903.08966900001,0.0,17780.451483,20936.652923299996,277.30324025299996,177.40093441100004,0.0,0.0,0.0,316.462090963,355.9864687,18598.340497999998,0.0,64.601882784,4691.683714,0.0,78042.53235200001,0.0,9722.478518500002,0.0,9.678521218999997,26280.18019,0.0,0.0,16107.8971643,1490.368325,199.35349755000001,0.0,0.0,31704.785318899998,4494.282367,158294.872032,2058.89941,0.0,0.0,0.0,7688.3478014,1507.6884061,471.59048683999987,0.0,0.0,654.7737165800002,263.803389711
2017-11-01,475.69507982299996,505.50771167,0.0,0,33.56724010499999,699.5367229999998,16006.516705999997,45903.08966900001,0.0,17780.451483,21211.363125499996,284.31461141899996,182.76157779100004,0.0,0.0,0.0,322.721372427,471.1441284,18598.340497999998,0.0,73.748877522,4821.899281399999,0.0,79403.478958,0.0,10134.846534400001,0.0,9.678521218999997,27683.092731999997,0.0,0.0,16501.5030159,2951.631122,199.35349755000001,0.0,0.0,31704.785318899998,5945.934735999999,160648.27874,2724.0107403,0.14864167,0.0,0.0,8290.45468,1994.5175237,487.7780276499999,0.0,0.0,654.7737165800002,263.803389711
2017-12-01,475.69507982299996,544.1061281,0.0,0,34.23201252999999,721.9569757499999,16320.004644999997,45903.08966900001,1941.703124,17780.451483,21485.522487299997,291.320156787,188.12164941000003,0.0,0.0,0.0,328.979872233,584.7228094,18598.340497999998,0.0,82.886269946,4951.827464999999,0.0,80746.092982,1.139608047,10134.846534400001,0.0,9.678521218999997,29070.623771,0.0,0.0,16889.8560508,4384.5259559999995,199.35349755000001,0.0,0.0,31704.785318899998,7378.673703999999,162955.96431900002,3379.0387603,0.29548905999999997,0.0,0.0,8885.656774000001,2474.9322566,503.7950478199999,0.0,0.0,654.7737165800002,263.803389711
2018-01-01,475.69507982299996,582.67891529,0.0,0,34.89482335599999,744.3293697799999,16629.518813599996,45903.08966900001,3811.6857179999997,17780.451483,21759.136694799996,298.31981031199996,193.48113807100003,0.0,0.0,0.0,335.23761547799995,696.6717136,18598.340497999998,0.0,92.01514571,5081.4738,1015.718069,82066.299258,2.2769121300000004,10134.846534400001,0.0,9.678521218999997,30442.69116,0.0,0.0,17272.463227300002,5789.645471,199.35349755000001,0.0,0.0,31704.785318899998,8787.293289,165217.320085,4023.8607521,0.441345706,0.0,0.0,9473.7992739,2949.1593467000002,519.6347730199999,0.0,0.0,654.7737165800002,263.803389711
2018-02-01,475.69507982299996,621.2294868299999,0.0,0,35.55584977199999,766.6590597399999,16935.344582799997,45903.08966900001,5637.104291,17780.451483,22032.262999499995,305.31409154799996,198.84008981800002,0.0,0.0,0.0,341.49469437299996,807.0902923,18598.340497999998,0.0,101.137025107,5210.8697993,2007.6708196,83365.466931,3.4132117630000005,10134.846534400001,0.0,9.678521218999997,31800.386338999997,0.0,0.0,17649.821090600002,7170.7233479999995,199.35349755000001,0.0,0.0,31704.785318899998,10174.595057999999,167438.792848,4659.4161901,0.586600638,0.0,0.0,10055.4685021,3417.8952101000004,535.3099033799999,0.0,0.0,654.7737165800002,263.803389711
2018-03-01,475.69507982299996,659.7564538899999,0.0,0,36.21488131399999,788.9421049499998,17237.092400299996,45903.08966900001,7422.061118,17780.451483,22304.854660499994,312.30236268899995,204.19843344800003,0.0,0.0,0.0,347.751059416,915.7802972,18598.340497999998,0.0,110.251828254,5339.9936302999995,2980.6005974,84641.81788,4.548734267,10134.846534400001,0.0,9.678521218999997,33141.92194199999,0.0,0.0,18021.534094000002,8526.526055,199.35349755000001,0.0,0.0,31704.785318899998,11539.756844,169618.670218,5284.7601087,0.7313733029999999,0.0,0.0,10629.8813284,3880.6124053000003,550.7985402799999,0.0,0.0,654.7737165800002,263.803389711
2018-04-01,475.69507982299996,698.2613908499999,0.0,0,36.87196081799999,811.1805710399998,17534.952878299995,45903.08966900001,9172.131529,17780.451483,22576.934038799995,319.284762744,209.55617575400004,0.0,0.0,0.0,354.00675186899997,1022.7999989,18598.340497999998,0.0,119.360288565,5468.858527199999,3937.1644871,85896.861832,5.6836167,10134.846534400001,0.0,9.678521218999997,34467.80204999999,0.0,0.0,18387.980008700004,9858.962607,199.35349755000001,0.0,0.0,31704.785318899998,12884.61168,171760.27948000003,5900.3374248,0.875782318,0.0,0.0,11197.2112813,4337.535806,566.1036506999999,0.0,0.0,654.7737165800002,263.803389711
2018-05-01,475.69507982299996,736.7443310599999,0.0,0,37.52699701499999,833.3735497399998,17534.952878299995,45903.08966900001,10888.914946,17780.451483,22848.489428599994,326.261038226,214.91328144900004,0.0,0.0,0.0,360.26176795799995,1128.1330119,18598.340497999998,0.0,128.462633109,5597.460395099999,4878.4044901,87130.85051199999,6.817895922,10134.846534400001,0.0,9.678521218999997,35782.368963999994,0.0,0.0,18750.221064700003,11168.228057,199.35349755000001,0.0,0.0,31704.785318899998,14211.709846,173864.04124600004,6505.9901085,1.019887067,0.0,0.0,11757.1817581,4788.4935128,581.2167865499999,0.0,0.0,654.7737165800002,263.803389711
2018-06-01,475.69507982299996,775.2066268599999,0.0,0,38.18002827499999,855.5230355999998,17534.952878299995,45903.08966900001,12575.254763,17780.451483,23119.542731799993,333.23133694999996,220.26975726300003,0.0,0.0,0.0,366.51614523499995,1231.8867443,18598.340497999998,0.0,137.559400939,5725.811700899999,5805.791334199999,88345.36843399999,7.951624707,10134.846534400001,0.0,9.678521218999997,37084.26171599999,0.0,0.0,19108.3097583,12455.835842,199.35349755000001,0.0,0.0,31704.785318899998,15521.976664,175932.47283700004,7102.21139,1.1637442789999999,0.0,0.0,12310.0098078,5233.6940895,596.1426382799999,0.0,0.0,654.7737165800002,263.803389711
2018-07-01,475.69507982299996,813.6482033999999,0.0,0,38.83095552999999,877.6282354599998,17534.952878299995,45903.08966900001,14231.517624,17780.451483,23390.082531899992,340.19540794499994,225.62556728100003,0.0,0.0,0.0,372.769877976,1334.252041,18598.340497999998,0.0,146.650710307,5853.9081609999985,6723.52133,88345.36843399999,9.084809155,10134.846534400001,0.0,9.678521218999997,38372.61977199999,0.0,0.0,19462.1974553,13721.753254000001,199.35349755000001,0.0,0.0,31704.785318899998,16816.52018,177965.54544400005,7688.873859200001,1.3073822219999998,0.0,0.0,12855.4507368,5672.9619445,610.8739440799999,0.0,0.0,654.7737165800002,263.803389711
2018-08-01,475.69507982299996,852.0696154499999,0.0,0,39.47974399599999,899.6897789399998,17534.952878299995,45903.08966900001,15858.79346,17780.451483,23660.11405599999,347.1532008909999,230.98069640600002,0.0,0.0,0.0,379.02298052199995,1435.5212863,18598.340497999998,0.0,155.736819732,5981.753612399998,7634.416611799999,88345.36843399999,10.217467696,10134.846534400001,0.0,9.678521218999997,38372.61977199999,0.0,0.0,19814.0283034,14966.584887,199.35349755000001,0.0,0.0,31704.785318899998,18102.582825999998,179964.25823400004,8266.164675,1.4508286349999997,0.0,0.0,13393.5143324,6106.3181429999995,625.4102699399999,0.0,0.0,654.7737165800002,263.803389711
2018-09-01,475.69507982299996,890.4719851599999,0.0,0,40.12642833099999,921.7095417299997,17534.952878299995,45903.08966900001,17457.984949,17780.451483,23929.65846989999,354.10487492499993,236.33515256400003,0.0,0.0,0.0,385.2754850769999,1535.9514456,18598.340497999998,650.1969226,164.818104727,6109.359590899998,8540.0264066,88345.36843399999,11.349631214,10134.846534400001,0.0,9.678521218999997,38372.61977199999,0.0,0.0,20164.3698619,16187.363749,199.35349755000001,0.0,0.0,31704.785318899998,19382.294458999997,181925.11352700004,8829.178172,1.5941101929999997,0.0,0.0,13924.3648579,6533.924935599999,639.7563692199999,0.0,0.0,654.7737165800002,263.803389711
2018-10-01,475.69507982299996,928.8551414299999,0.0,0,40.77090028399999,943.6866186899997,17534.952878299995,45903.08966900001,19028.121607,17780.451483,24198.70454599999,354.10487492499993,241.68889902100003,0.0,0.0,0.0,391.52738377899993,1635.67311189,18598.340497999998,1285.4082346999999,173.89459674199998,6236.721618099998,9440.8161744,88345.36843399999,12.481295117,10134.846534400001,0.0,9.678521218999997,38372.61977199999,0.0,0.0,20513.206802099998,17383.782196,199.35349755000001,0.0,0.0,31704.785318899998,20655.884539,183847.44426800005,9379.8378889,1.7372390299999996,0.0,0.0,14447.6641441,6955.536571899999,653.9035875099999,0.0,0.0,654.7737165800002,263.803389711
2018-11-01,475.69507982299996,967.2201038799999,0.0,0,41.41319432499999,965.6228389599997,17534.952878299995,45903.08966900001,20570.368468,17780.451483,24467.27295949999,354.10487492499993,247.04194590500003,0.0,0.0,0.0,397.7787062549999,1734.8016815,18598.340497999998,1908.2711256999999,182.96660901899997,6363.850707699998,10337.2101757,88345.36843399999,13.612485258,10134.846534400001,0.0,9.678521218999997,38372.61977199999,0.0,0.0,20860.550565499998,18557.673322,199.35349755000001,0.0,0.0,31704.785318899998,21923.659198999998,185733.90062300005,9919.8210415,1.8802337769999995,0.0,0.0,14963.587681899999,7371.300520999999,667.8563095599999,0.0,0.0,654.7737165800002,263.803389711
2018-12-01,475.69507982299996,1005.56666242,0.0,0,42.053198050999995,987.5173326199997,17534.952878299995,45903.08966900001,22084.246297,17780.451483,24735.35263369999,354.10487492499993,252.39425610400002,0.0,1.63135987,0.0,404.0294434459999,1833.37588196,18598.340497999998,2519.2473634,192.034140929,6490.742324599998,11229.1914275,88345.36843399999,14.743194717,10134.846534400001,0.0,9.678521218999997,38372.61977199999,0.0,0.0,21206.315903699997,19709.273317,199.35349755000001,0.0,0.0,31704.785318899998,23185.456660999997,187584.66651200005,10449.5064451,2.0231022829999996,0.0,0.0,15471.856604199998,7780.994167299999,681.6066338799999,0.0,0.0,654.7737165800002,263.803389711
2019-01-01,475.69507982299996,1005.56666242,0.0,0,42.69087215,1009.3705487899997,17534.952878299995,45903.08966900001,23570.301129000003,17780.451483,25002.94833639999,354.10487492499993,257.745816472,0.0,3.2557283420000003,0.0,410.2796044099999,1931.43000635,18598.340497999998,3118.8723086,201.09732581999998,6617.399563499998,12116.8226411,88345.36843399999,15.873433684,10134.846534400001,0.0,9.678521218999997,38372.61977199999,0.0,0.0,21550.478914699997,20839.394723999998,199.35349755000001,0.0,0.0,31704.785318899998,24441.282773999996,189400.91344700006,10969.3675669,2.1658550719999994,0.0,0.0,15972.470533599999,8184.611749,695.1539415299999,0.0,0.0,654.7737165800002,263.803389711
2019-02-01,475.69507982299996,1005.56666242,0.0,0,43.326410730999996,1031.1868445499997,17534.952878299995,45903.08966900001,25031.940382000004,17780.451483,25270.11072729999,354.10487492499993,263.096690349,0.0,4.875931576,0.0,416.5292521099999,2029.0314017,18598.340497999998,3708.5748291,210.15668324599997,6743.8475592999985,13000.5527338,88345.36843399999,17.003259146,10134.846534400001,0.0,9.678521218999997,38372.61977199999,0.0,0.0,21893.181721099998,21950.681543,199.35349755000001,0.0,0.0,31704.785318899998,25691.713198999994,191186.81138400006,11480.6466882,2.3085108879999994,0.0,0.0,16466.1865345,8582.7483505,708.5178598299999,0.0,0.0,654.7737165800002,263.803389711
2019-03-01,475.69507982299996,1005.56666242,0.0,0,43.959548608,1052.9626918299998,17534.952878299995,45903.08966900001,26467.068355000003,17780.451483,25536.793612699992,354.10487492499993,268.446793764,0.0,6.492437359,13.39152196,422.7783385529999,2126.14408921,18598.340497999998,4287.6251591,219.21191317399996,6870.066768899998,13879.985184,88345.36843399999,18.132646761,10134.846534400001,0.0,9.678521218999997,38372.61977199999,0.0,0.0,22234.2581851,23041.718021999997,199.35349755000001,0.0,0.0,31704.785318899998,26936.166236999994,192940.01333500005,11982.717362700001,2.451067428999999,0.0,0.0,16952.3045551,8974.8405073,721.6793023999999,0.0,0.0,654.7737165800002,263.803389711
2019-04-01,475.69507982299996,1005.56666242,48.10991667,0,44.590330879999996,1074.6997612599998,17534.952878299995,45903.08966900001,27861.599850000002,17780.451483,25803.010717299992,354.10487492499993,273.76245358,0.0,8.105763925,26.73090423,429.0268885219999,2222.7910085099998,18598.340497999998,4856.4391243,228.26324896299997,6996.067180899999,14755.271832299999,88345.36843399999,19.261633452,10134.846534400001,0.0,9.678521218999997,38372.61977199999,0.0,592.9962853,22573.7551169,24112.779977,199.35349755000001,0.0,0.0,31704.785318899998,28174.831594999992,194659.80890700006,12476.037986800002,2.593534664999999,0.0,0.0,17431.11113,9361.1105835,734.6455606099998,0.0,0.0,654.7737165800002,263.803389711
2019-05-01,475.69507982299996,1005.56666242,95.75495579,0,45.218647516,1096.3970986499999,17534.952878299995,45903.08966900001,29218.937883000002,17780.451483,26068.74488819999,354.10487492499993,279.047759617,0.0,9.716039589,40.03133001,435.27489000299994,2318.9616993299996,18598.340497999998,5414.6309841,237.31066167899996,7121.844121799999,15626.2873819,88345.36843399999,20.390230980000002,10134.846534400001,0.0,9.678521218999997,38372.61977199999,0.0,1167.0699736,22911.6169254,25162.904974999998,199.35349755000001,420.4759328,0.0,31704.785318899998,29407.516483999992,196343.92068000007,12960.424804400001,2.7359160549999992,0.0,0.0,17902.4110931,9741.4000648,747.4111665599999,0.0,0.0,654.7737165800002,263.803389711
2019-06-01,475.69507982299996,1005.56666242,143.17228496,0,45.844551583999994,1118.0562953699998,17534.952878299995,45903.08966900001,30543.152461,17780.451483,26334.01119009999,354.10487492499993,284.310609536,0.0,11.323502491,53.29925347,441.5223654519999,2414.67488071,18598.340497999998,5962.5138735,246.35437084299997,7247.407127199999,16493.1810945,88345.36843399999,21.518473815,10134.846534400001,0.0,9.678521218999997,38372.61977199999,0.0,1725.9689991999999,23247.895484300003,26192.777996999997,199.35349755000001,829.2387848000001,0.0,31704.785318899998,30634.417276999993,197993.40235500006,13436.194303100001,2.878219813999999,0.0,0.0,18366.4925138,10115.9373348,759.9836562999999,0.0,0.0,654.7737165800002,263.803389711
2019-07-01,475.69507982299996,1005.56666242,190.43125646000001,0,46.46793726799999,1139.6763978499998,17534.952878299995,45903.08966900001,31835.189727,17780.451483,26598.79467159999,354.10487492499993,289.555244999,0.0,12.928161247999999,66.5367327,447.7693010299999,2509.91786572,18598.340497999998,6499.8249524,255.39435255299998,7372.751397799999,17355.8261637,88345.36843399999,22.646369568,10134.846534400001,0.0,9.678521218999997,38372.61977199999,0.0,2270.6228102,23582.538416800002,27201.845585999996,199.35349755000001,1227.3223113000001,0.0,31704.785318899998,31855.346532999993,199607.50850400006,13903.0837496,3.020448614999999,0.0,0.0,18823.1576848,10484.565206500001,772.3576273499999,0.0,0.0,654.7737165800002,263.803389711
2019-08-01,475.69507982299996,1005.56666242,237.56893034,0,47.08878179199999,1161.2577388299999,17534.952878299995,45903.08966900001,33090.82714,17780.451483,26863.09706869999,354.10487492499993,294.784961211,0.0,14.530091214999999,79.74583082000001,454.0156993789999,2604.45007444,18598.340497999998,7026.4029325,264.43070493299996,7497.879166599999,18207.5085177,88345.36843399999,23.773933083,10134.846534400001,0.0,9.678521218999997,38372.61977199999,0.0,2796.9102175,23913.8446049,28189.359672299997,199.35349755000001,1603.9888721000002,0.0,31704.785318899998,33045.49196299999,201183.19640200006,14361.0133302,3.162607256999999,0.0,1454.967513,19272.4411068,10847.3133811,784.5339477299999,1611.39346,0.0,654.7737165800002,263.803389711
2019-09-01,475.69507982299996,1005.56666242,284.61003511,0,47.707149169999994,1182.8018360899998,17534.952878299995,45903.08966900001,34309.606285,17780.451483,27126.93615699999,354.10487492499993,300.002407583,0.0,16.129435173999997,92.92885186000001,460.2615784889999,2698.1276231200004,18598.340497999998,7542.3288165,273.46363869799995,7622.799434599999,19048.534794,88345.36843399999,24.901185117,10134.846534400001,0.0,9.678521218999997,38372.61977199999,0.0,3305.2119169999996,24241.611347100003,29155.271571299996,199.35349755000001,1964.0624318000002,0.0,31704.785318899998,34217.58351999999,202719.87353100005,14810.135992399999,3.304702117999999,0.0,2886.744865,19714.6097463,11204.398171800001,796.5197622499999,3151.51927,0.0,654.7737165800002,263.803389711
2019-10-01,475.69507982299996,1005.56666242,331.56623557,0,48.32294009499999,1204.3077171999998,17534.952878299995,45903.08966900001,35490.557559,17780.451483,27390.29941309999,354.10487492499993,305.208878408,0.0,17.72615419,106.08604113000001,466.50692030699986,2790.8434811200004,18598.340497999998,8047.0266479,282.49313875199994,7747.507301899998,19879.4446746,88345.36843399999,26.028122337,10134.846534400001,0.0,9.678521218999997,38372.61977199999,0.0,3795.8432452999996,24565.824924900004,30098.408009299998,199.35349755000001,2309.4782661000004,0.0,31704.785318899998,35374.975787999996,204215.72176700004,15250.001881799999,3.446735104999999,0.0,4300.382549,20149.443377800002,11555.650390200002,808.3092306499999,4629.12594,0.0,654.7737165800002,263.803389711
2019-11-01,475.69507982299996,1005.56666242,378.45041994,0,48.93622416499999,1225.7768678599998,17534.952878299995,45903.08966900001,36635.895797,17780.451483,27653.20528549999,354.10487492499993,310.405956879,0.0,19.320369723,119.21905604000001,472.75173986599987,2882.6088006100003,18598.340497999998,8540.7529707,291.51940700399996,7872.011436099999,20701.2239912,88345.36843399999,27.154758958,10134.846534400001,0.0,9.678521218999997,38372.61977199999,0.0,4270.320595599999,24886.747253900005,31019.389683499998,199.35349755000001,2642.1104114000004,0.0,31704.785318899998,36519.69779399999,205672.35204200004,15680.8093409,3.588711726999999,0.0,5698.446068,20577.1864118,11901.270297300001,819.90895868,6051.927777,0.0,654.7737165800002,263.803389711
2019-12-01,475.69507982299996,1005.56666242,425.26843351,0,49.54690525699999,1247.2166265999997,17534.952878299995,45903.08966900001,37745.757428,17780.451483,27653.20528549999,354.10487492499993,315.594365843,0.0,20.912032082,132.33156052,478.9960147109999,2973.3977485600003,18598.340497999998,9023.129196099999,300.542432761,7996.315529399999,21514.0517572,88345.36843399999,28.281087117,10134.846534400001,0.0,9.678521218999997,38372.61977199999,0.0,4729.0224622999995,25204.404922000005,31917.5994191,199.35349755000001,2962.5907862000004,0.0,31704.785318899998,37652.21996799999,207089.19995400004,16102.2087715,3.7306335569999987,0.0,7081.5188180000005,20997.6040866,12241.076904600002,831.3127135799999,7422.5209159999995,0.0,654.7737165800002,263.803389711
2020-01-01,475.69507982299996,1005.56666242,472.02677888000005,0,50.15497306799999,1268.6394526599997,17534.952878299995,45903.08966900001,38821.549337,17780.451483,27653.20528549999,354.10487492499993,320.774941807,0.0,22.501172592,145.42978670000002,485.2397388039999,3063.22749667,18598.340497999998,9494.2278414,309.562311002,8120.439948899999,22318.2793949,88345.36843399999,29.407107443999998,10134.846534400001,0.0,9.678521218999997,38372.61977199999,0.0,5172.780157099999,25518.909815600004,32793.3353621,199.35349755000001,3271.7651250000004,0.0,31704.785318899998,38773.11658599999,208467.25051700004,16514.2161062,3.872503789999999,0.0,8450.304525,21410.7021576,12575.078175300003,842.5206589,8744.515942,0.0,654.7737165800002,263.803389711
2020-02-01,475.69507982299996,1005.56666242,518.7339802600001,0,50.76058786699999,1290.0567133299996,17534.952878299995,45903.08966900001,39866.672904,17780.451483,27653.20528549999,354.10487492499993,325.948800806,0.0,24.087980958,158.51988935000003,491.4829398829999,3152.17786504,18598.340497999998,9954.883866499998,318.579325406,8244.4192644,23114.7011426,88345.36843399999,30.532839562999996,10134.846534400001,0.0,9.678521218999997,38372.61977199999,0.0,5603.214122299999,25830.546249100003,33648.3864514,199.35349755000001,3570.9864445000003,0.0,31704.785318899998,39883.50211099999,209809.94291400004,16917.4867252,4.014328388999999,0.0,9806.171138,21816.956633100002,12903.667932600003,853.54551238,10023.739723,0.0,654.7737165800002,263.803389711
2020-03-01,475.69507982299996,1005.56666242,565.39092831,0,51.36357189899999,1311.4770592499997,17534.952878299995,45903.08966900001,40880.348233,17780.451483,27653.20528549999,354.10487492499993,331.116063168,0.0,25.672329746,171.60615573000004,497.7255725979999,3240.20950343,18598.340497999998,10404.542518499999,327.593369043,8368.2707608,23903.0056453,88345.36843399999,31.658262653999998,10134.846534400001,0.0,9.678521218999997,38372.61977199999,0.0,6020.093194099999,26139.194699800002,34481.7844044,199.35349755000001,3860.1898949,0.0,31704.785318899998,40982.977882999985,211115.96259800004,17311.5133904,4.1561069889999995,0.0,11148.628541,22215.905298800004,13226.487816200002,864.37485882,11259.935312000001,0.0,654.7737165800002,263.803389711
2020-04-01,475.69507982299996,1005.56666242,611.9858148200001,0,51.96400188199999,1332.9063130599998,17534.952878299995,45903.08966900001,41864.7746212,17780.451483,27653.20528549999,354.10487492499993,336.276961056,40.38234912,27.254332300999998,184.69214157000005,497.7255725979999,3326.75553817,18598.340497999998,10843.735075899998,336.60461992,8492.0222839,24678.6413332,88345.36843399999,32.783360425999994,10134.846534400001,0.0,9.678521218999997,38372.61977199999,0.0,6424.443611199999,26444.336720900003,35294.6854489,199.35349755000001,4140.2124927,0.0,31704.785318899998,42063.914822999985,212387.54163900003,17696.7052977,4.297843528,1441.033779,12461.72523,22607.795257300004,13543.734703200002,875.0152448599999,12456.719837,0.0,654.7737165800002,263.803389711
2020-05-01,475.69507982299996,1005.56666242,658.5057786200001,0,52.56178488199999,1354.3488488399998,17534.952878299995,45903.08966900001,42820.2017821,17780.451483,27653.20528549999,354.10487492499993,341.431038886,80.54093212000001,28.833952078,197.78046666000006,497.7255725979999,3411.62087233,18598.340497999998,11272.327895199998,345.613068602,8615.6922006,25440.6061464,88345.36843399999,33.90806274599999,10134.846534400001,0.0,9.678521218999997,38372.61977199999,0.0,6816.438159799999,26745.471766600003,36086.9331526,199.35349755000001,4411.2474416000005,0.0,31704.785318899998,43126.09825399998,213624.66827400003,18072.9143114,4.439539062,2849.0143,13749.376227,22992.415667800004,13855.240147400002,885.4609264599999,13614.943831,0.0,654.7737165800002,263.803389711
2020-06-01,475.69507982299996,1005.56666242,704.9498296700001,0,53.15699827299999,1375.8065611299999,17534.952878299995,45903.08966900001,43748.6442769,17780.451483,27653.20528549999,354.10487492499993,346.578316911,120.56759054,30.41130909,210.87278716000006,497.7255725979999,3494.90878142,18598.340497999998,11690.872080899999,354.618881145,8739.3000224,26189.8310678,88345.36843399999,35.03231155699999,10134.846534400001,0.0,9.678521218999997,38372.61977199999,0.0,7196.985461899999,27042.619965,36859.6902849,199.35349755000001,4674.006417400001,0.0,31704.785318899998,44171.400079999985,214829.48575800002,18440.5776745,4.581197058,4231.2416109999995,15015.380567,23370.027754000002,14161.206907000002,895.7187987299999,14737.677255,0.0,654.7737165800002,263.803389711
2020-07-01,475.69507982299996,1005.56666242,751.3164420200001,0,53.74954738999999,1397.2812991899998,17534.952878299995,45903.08966900001,44650.2960263,17780.451483,27653.20528549999,354.10487492499993,351.718482833,160.49116027,31.986378554999998,223.97048687000006,497.7255725979999,3576.6600435100004,18598.340497999998,12099.264653199998,363.622048114,8862.858102900002,26926.5024701,88345.36843399999,36.156014772999995,10134.846534400001,0.0,9.678521218999997,38372.61977199999,0.0,7566.212066099999,27335.660535500003,37612.841550100005,199.35349755000001,4928.625089000001,0.0,31704.785318899998,45200.30859299999,216001.99258100003,18799.5795503,4.722818427,5589.494272999999,16260.802014,23740.480832700003,14461.488374600001,905.7834547799999,15825.517785,0.0,654.7737165800002,263.803389711
2020-08-01,475.69507982299996,1005.56666242,797.6087311000001,0,54.339422488999986,1418.7736448499998,17534.952878299995,45903.08966900001,45526.190980499996,17780.451483,27653.20528549999,354.10487492499993,356.851573008,200.32965145999998,33.559215385,237.07437845000007,497.7255725979999,3656.9637501600005,18598.340497999998,12497.741159999998,372.622643102,8986.377801800001,27651.2251997,88345.36843399999,37.279103707999994,10134.846534400001,0.0,9.678521218999997,38372.61977199999,0.0,7924.591741399999,27624.654510000004,38346.91776130001,199.35349755000001,5175.480787300001,0.0,31704.785318899998,46213.60274799999,217143.22936100003,19150.0958135,4.864405201,6925.341262999999,17486.803212,24103.843219600003,14756.1250075,915.6559154739999,16880.095474,0.0,654.7737165800002,263.803389711
2020-09-01,475.69507982299996,1005.56666242,843.8326661200001,0,54.92669971799999,1440.2831131499997,17534.952878299995,45903.08966900001,46378.078074,17780.451483,27653.20528549999,354.10487492499993,361.977928229,240.09673793999997,35.129946008000005,250.18473238000007,497.7255725979999,3735.9387823700004,18598.340497999998,12886.843013099999,381.620815811,9109.868661,28364.8338767,88345.36843399999,38.40154445899999,10134.846534400001,0.0,9.678521218999997,38372.61977199999,0.0,8272.889980799999,27909.805678200002,39063.02413440001,199.35349755000001,5415.150173200001,0.0,31704.785318899998,47212.36398329999,218255.14562100003,19492.5690412,5.00596028,8240.572841,18694.822871999997,24460.389309600003,15045.329753600001,925.3446024959999,17903.891727000002,0.0,654.7737165800002,263.803389711
2020-10-01,475.69507982299996,1005.56666242,889.9898755600001,0,55.51128024099999,1461.8100210999996,17534.952878299995,45903.08966900001,47206.076313599995,17780.451483,27653.20528549999,354.10487492499993,367.097499811,279.79828702,36.698560486000005,263.3020367600001,497.7255725979999,3813.6956365700003,18598.340497999998,13266.4911031,390.616553032,9233.336605800001,28364.8338767,88345.36843399999,39.52326959599999,10134.846534400001,0.0,9.678521218999997,38372.61977199999,0.0,8611.1842394,28191.686857800003,39761.07154010001,199.35349755000001,5647.714752500001,0.0,31704.785318899998,48201.20865619999,219337.72532100003,19826.9110097,5.147484431,9540.055391,19890.456766999996,24809.943297200003,15328.956747900002,934.8450996369999,18897.264382200003,0.0,654.7737165800002,263.803389711
2020-11-01,475.69507982299996,1005.56666242,936.08597136,0,56.09323909199999,1483.3533742599996,17534.952878299995,45903.08966900001,48011.7865043,17780.451483,27653.20528549999,354.10487492499993,372.210697107,319.44223417,38.265184871,276.42616453000005,497.7255725979999,3890.4120618700003,18598.340497999998,13637.211506799998,399.60999377400003,9356.7872468,28364.8338767,88345.36843399999,40.644269558999994,10134.846534400001,0.0,9.678521218999997,38372.61977199999,0.0,8940.166159299999,28470.692595400003,40442.11739030001,199.35349755000001,5873.686550100001,0.0,31704.785318899998,49180.88823299999,220392.79457300002,20153.557911800002,5.288980239,10825.6895,21074.673556999995,25152.787987100004,15607.226769300001,944.1653492799999,19862.413115500003,0.0,654.7737165800002,263.803389711
2020-12-01,475.69507982299996,1005.56666242,982.12230587,0,56.67247438599999,1504.9131260799995,17534.952878299995,45903.08966900001,48795.299913999996,17780.451483,27653.20528549999,354.10487492499993,377.317523136,359.03152185,39.829815138,289.55732893000004,497.7255725979999,3966.15800307,18598.340497999998,13998.9371853,408.601122941,9480.2239114,28364.8338767,88345.36843399999,41.76449421699999,10134.846534400001,0.0,9.678521218999997,38372.61977199999,0.0,9259.8936148,28746.8199095,41106.084443800006,199.35349755000001,6093.125547400001,0.0,31704.785318899998,50150.80862319999,221420.33211800002,20472.4362236,5.430448376999999,12097.379496000001,22246.846946999995,25488.765343100004,15880.008180800001,953.3009710689998,20799.601918200002,0.0,654.7737165800002,263.803389711
2021-01-01,475.69507982299996,1005.56666242,1028.10196874,0,57.24897018999999,1526.4885915699995,17534.952878299995,45903.08966900001,49557.4024153,17780.451483,27653.20528549999,354.10487492499993,382.418197922,398.57009137,41.392513997,302.69542805000003,497.7255725979999,4041.00089526,18598.340497999998,14351.893779799999,417.589997772,9603.6495182,28364.8338767,88345.36843399999,42.883924824999994,10134.846534400001,0.0,9.678521218999997,38372.61977199999,0.0,9570.7121722,29020.103785000003,41753.4475956,199.35349755000001,6306.292710200001,0.0,31704.785318899998,51110.80012259999,222421.19534600002,20783.726247900002,5.5718903619999995,13355.330057000001,23406.852583999993,25817.946731500004,16147.351969000001,962.2537494769998,21709.9527376,0.0,654.7737165800002,263.803389711
2021-02-01,475.69507982299996,1005.56666242,1074.03272749,0,57.82297746199999,1548.0776616999995,17534.952878299995,45903.08966900001,50300.7754352,17780.451483,27653.20528549999,354.10487492499993,387.513492368,438.06553979,42.953518519,315.8396574,497.7255725979999,4115.06500997,18598.340497999998,14697.1100765,426.576881818,9727.0668348,28364.8338767,88345.36843399999,44.00262774299999,10134.846534400001,0.0,9.678521218999997,38372.61977199999,0.0,9873.7482761,29290.841323900004,42386.1885731,199.35349755000001,6513.9874598000015,0.0,31704.785318899998,52061.79849449999,223398.63473930003,21088.308069000002,5.713309897999999,14601.035309,24555.880157999993,26141.050445100005,16409.8286496,971.0429092599998,22596.8752569,6.854248853,654.7737165800002,263.803389711
2021-03-01,475.69507982299996,1005.56666242,1119.91187175,0,57.82297746199999,1569.6810472499994,17534.952878299995,45903.08966900001,51024.1180759,17780.451483,27653.20528549999,354.10487492499993,392.60303788,477.51603484,44.51270781,328.99046735,497.7255725979999,4188.29794521,18598.340497999998,15033.9732343,435.561614055,9850.4764147,28364.8338767,88345.36843399999,45.12051679799999,10134.846534400001,0.0,9.678521218999997,38372.61977199999,0.0,10168.4730633,29558.790826600005,43003.1876053,199.35349755000001,6715.846592700002,0.0,31704.785318899998,53002.901941599994,224350.92809640002,21385.639275,5.854705965999999,15833.397332,25692.860117999993,26457.505635000005,16666.9757566,979.6529638089997,23458.815342899998,13.498605437999998,654.7737165800002,263.803389711
2021-04-01,475.69507982299996,1005.56666242,1165.74319755,0,57.82297746199999,1591.2975864399993,17534.952878299995,45903.08966900001,51728.7055091,17780.451483,27653.20528549999,354.10487492499993,397.687205253,516.92526561,46.070189806,342.14742263,497.7255725979999,4260.74834155,18598.340497999998,15362.9498769,444.54430959,9973.879346,28364.8338767,88345.36843399999,46.23761431899999,10134.846534400001,0.0,9.678521218999997,38372.61977199999,2.219788993,10455.4261656,29824.075099000005,43605.3553836,199.35349755000001,6912.258837200002,0.0,31704.785318899998,53934.53082459999,225279.5928798,21676.115437700002,5.9960805409999995,17053.051416000002,26818.321451999993,26767.604144600005,16919.0227743,988.0916712099997,24297.4456324,19.956680528,654.7737165800002,263.803389711
2021-05-01,475.69507982299996,1005.56666242,1211.5271942400002,0,57.82297746199999,1612.9364733699992,17534.952878299995,45903.08966900001,52414.5432071,17780.451483,27653.20528549999,354.10487492499993,402.766005369,556.29393342,47.625955198,342.14742263,497.7255725979999,4332.40873276,18598.340497999998,15683.9797272,453.524947666,9973.879346,28364.8338767,88345.36843399999,47.35389244199999,10134.846534400001,0.0,9.678521218999997,38372.61977199999,4.432467204,10734.6206409,30086.643248800006,44192.6113331,199.35349755000001,7103.245566700002,0.0,31704.785318899998,54856.50348829999,226184.55933340002,21959.674625800002,6.137434131999999,18259.789866000003,27932.049671999994,27071.220312300007,17165.8634269,996.3555260459997,25112.865696099998,26.231432812999998,654.7737165800002,263.803389711
2021-06-01,475.69507982299996,1005.56666242,1257.2671464600003,0,57.82297746199999,1634.6060825499992,17534.952878299995,45903.08966900001,53082.815325300005,17780.451483,27653.20528549999,354.10487492499993,407.839777511,595.62505622,49.180103117,342.14742263,497.7255725979999,4403.32003529,18598.340497999998,15997.508073199999,462.503635842,9973.879346,28364.8338767,88345.36843399999,48.46937896899999,10134.846534400001,0.0,9.678521218999997,38372.61977199999,6.6409321210000005,11006.555909,30346.620597900008,44765.8175298,199.35349755000001,7289.165820700002,0.0,31704.785318899998,55769.32262949999,227067.2514503,22236.696981700003,6.278768506999999,19454.254891000004,29034.617481999994,27368.64761690001,17407.729695899998,1004.4523612539997,25906.617087199997,32.33585605,654.7737165800002,263.803389711
2021-07-01,475.69507982299996,1005.56666242,1302.9632938700004,0,57.82297746199999,1656.3141443899992,17534.952878299995,45903.08966900001,53733.523750700006,17780.451483,27653.20528549999,354.10487492499993,412.90852098600004,634.9189938000001,50.732630669,342.14742263,497.7255725979999,4473.4790035000005,18598.340497999998,16303.480040899998,471.480348958,9973.879346,28364.8338767,88345.36843399999,49.58405068899999,10134.846534400001,0.0,9.678521218999997,38372.61977199999,8.845874135,11271.242430100001,30603.96095880001,45324.89733,199.35349755000001,7470.036242600002,0.0,31704.785318899998,56672.85578079999,227927.6009211,22507.126908100003,6.420084137999999,20636.334088000003,30125.917133999996,27659.77129110001,17644.5252877,1012.3789859169997,26678.776732399998,38.271023185999994,654.7737165800002,263.803389711
2021-08-01,475.69507982299996,1005.56666242,1348.6172139900004,0,57.82297746199999,1678.0642517299993,17534.952878299995,45903.08966900001,53733.523750700006,17780.451483,27653.20528549999,354.10487492499993,417.97239392600005,674.17718531,52.283596477,342.14742263,497.7255725979999,4542.89931814,18598.340497999998,16602.4681335,471.480348958,9973.879346,28364.8338767,88345.36843399999,50.69791206799999,10134.846534400001,0.0,9.678521218999997,38372.61977199999,11.047664859000001,11536.281021400002,30858.70368180001,45872.1310726,199.35349755000001,7646.849752800002,0.0,31704.785318899998,57567.23779979999,228771.007585,22771.283534500002,6.561382074999999,21806.23899,31206.119464999996,27944.692735900007,17876.3241098,1020.1379707579997,27432.9418198,44.04765338799999,654.7737165800002,263.803389711
2021-09-01,475.69507982299996,1005.56666242,1394.2316121500005,0,57.82297746199999,1699.8563718699993,17534.952878299995,45903.08966900001,53733.523750700006,17780.451483,27653.20528549999,354.10487492499993,423.03169221200005,713.4020033400001,53.833112503,342.14742263,497.7255725979999,4611.61711526,18598.340497999998,16895.1800012,471.480348958,9973.879346,28364.8338767,88345.36843399999,51.810994618999985,10134.846534400001,0.0,9.678521218999997,38372.61977199999,13.246608855000002,11799.284357400002,31110.96979280001,46408.9045829,199.35349755000001,7820.237420800002,0.0,31704.785318899998,58452.900935299986,229599.501225,23029.7054672,6.702663821999999,22964.548403,32275.750129999997,28223.719777700007,18103.365698,1027.7374512629997,28171.777107899998,49.683363437,654.7737165800002,263.803389711
2021-10-01,475.69507982299996,1005.56666242,1439.8064915000004,0,57.82297746199999,1721.6920162899994,17534.952878299995,45903.08966900001,53733.523750700006,17780.451483,27653.20528549999,354.10487492499993,428.08640188000004,752.59350513,55.381203655,342.14742263,497.7255725979999,4679.6211106,18598.340497999998,17181.7514954,471.480348958,9973.879346,28364.8338767,88345.36843399999,52.923279094999984,10134.846534400001,0.0,9.678521218999997,38372.61977199999,15.442759210000002,12058.827048600002,31360.71538130001,46935.2443481,199.35349755000001,7990.298811000002,0.0,31704.785318899998,59329.692906399985,230412.76954260003,23282.504875900002,6.843929786999999,24111.067336,33334.626153,28496.781175900007,18325.582025900003,1035.1752856869996,28895.874171199997,55.186159683999996,654.7737165800002,263.803389711
2021-11-01,475.69507982299996,1005.56666242,1485.3442755800004,0,57.82297746199999,1743.5691187299994,17534.952878299995,45903.08966900001,53733.523750700006,17780.451483,27653.20528549999,354.10487492499993,433.13679333700003,791.75376637,56.927990072,342.14742263,497.7255725979999,4746.94540225,18598.340497999998,17462.5971523,471.480348958,9973.879346,28364.8338767,88345.36843399999,54.034798014999986,10134.846534400001,0.0,9.678521218999997,38372.61977199999,17.636312487,12314.433067800002,31608.05701360001,47451.644844,199.35349755000001,8157.231662200003,0.0,31704.785318899998,60198.02639999999,231211.27554470004,23530.0863333,6.985181328999999,25246.348996,34383.249099,28764.190851900006,18543.218485300004,1042.4598133119996,29606.2780932,60.57014217099999,654.7737165800002,263.803389711
2021-12-01,475.69507982299996,1005.56666242,1530.8448593400003,0,57.82297746199999,1765.4878993399993,17534.952878299995,45903.08966900001,53733.523750700006,17780.451483,27653.20528549999,354.10487492499993,438.182845889,830.88272417,58.473511885,342.14742263,497.7255725979999,4813.57832855,18598.340497999998,17737.693592,471.480348958,9973.879346,28364.8338767,88345.36843399999,55.14553364199998,10134.846534400001,1618.477384,9.678521218999997,38372.61977199999,19.8272768,12565.669864300002,31852.94634470001,47957.898475500006,199.35349755000001,8320.989157800002,49.51812375,31704.785318899998,61057.73435369999,231994.53666250003,23772.4619099,7.126418812999999,26370.185183,35421.418883,29025.892296300008,18756.220969600003,1049.5893465309996,30302.9206274,65.83928724799999,654.7737165800002,263.803389711
2022-01-01,475.69507982299996,1005.56666242,1576.3454431000002,0,57.82297746199999,1787.4066799499992,17534.952878299995,45903.08966900001,53733.523750700006,17780.451483,27653.20528549999,354.10487492499993,443.228898441,870.0116819699999,60.019033698,342.14742263,497.7255725979999,4880.21125485,18598.340497999998,18012.7900317,471.480348958,9973.879346,28364.8338767,88345.36843399999,56.25626926899998,10134.846534400001,3236.954768,9.678521218999997,38372.61977199999,22.018241113,12816.906660800001,32097.835675800008,48464.15210700001,199.35349755000001,8484.746653400003,99.0362475,31704.785318899998,61917.44230739999,232777.79778030002,24014.8374865,7.267656296999999,27494.021370000002,36459.588666999996,29287.59374070001,18969.223453900002,1056.7188797499996,30999.5631616,71.108432325,654.7737165800002,263.803389711
